timestamp,ip_address,country,method,page,service_type,status_code,response_size
20/04/2026 07:37:23,197.184.66.13,South Africa,GET,/scheduledemo.php,Demo Request,500,2361
20/04/2026 08:14:31,41.92.76.59,Botswana,GET,/scheduledemo.php,Demo Request,304,0
20/04/2026 09:04:21,41.205.18.232,Zimbabwe,GET,/index.html,Homepage,200,6031
20/04/2026 09:53:45,102.104.61.99,Nigeria,GET,/contact.html,Contact Page,200,4878
20/04/2026 10:13:21,41.78.166.172,Zimbabwe,GET,/scheduledemo.php,Demo Request,304,0
20/04/2026 10:28:22,157.117.165.174,USA,GET,/index.html,Homepage,404,776
20/04/2026 10:49:08,41.92.179.109,Botswana,POST,/jobs.html,Job Application,200,8934
20/04/2026 11:44:51,41.78.190.71,Zimbabwe,GET,/assistant.php,AI Assistant,200,9715
20/04/2026 12:11:37,154.113.103.174,Nigeria,GET,/contact.html,Contact Page,404,539
20/04/2026 12:26:58,41.1.96.101,South Africa,POST,/scheduledemo.php,Demo Submission,200,6851
20/04/2026 12:37:07,41.92.250.29,Botswana,GET,/jobs.html,Job Request,404,532
20/04/2026 12:38:31,103.240.2.77,India,GET,/contact.html,Contact Page,200,6359
20/04/2026 13:11:31,196.41.63.193,Botswana,POST,/scheduledemo.php,Demo Submission,500,6711
20/04/2026 14:09:26,172.17.98.1,Canada,POST,/jobs.html,Job Application,200,4325
20/04/2026 14:11:22,172.17.98.1,Canada,POST,/scheduledemo.php,Demo Submission,500,9328
20/04/2026 14:55:43,102.184.64.224,Nigeria,GET,/prototype.php,Prototype Request,404,753
20/04/2026 15:14:04,196.57.189.188,South Africa,GET,/events.html,Promotional Event,304,0
20/04/2026 15:40:47,154.113.52.152,Nigeria,GET,/contact.html,Contact Page,200,10212
20/04/2026 17:12:51,178.62.230.150,UK,GET,/index.html,Homepage,304,0
20/04/2026 17:15:41,41.170.103.69,Botswana,GET,/jobs.html,Job Request,404,352
20/04/2026 19:58:09,102.29.59.211,Nigeria,POST,/jobs.html,Job Application,302,2175
20/04/2026 20:14:08,196.21.119.27,South Africa,GET,/prototype.php,Prototype Request,200,3189
20/04/2026 20:14:45,196.50.94.207,Botswana,GET,/jobs.html,Job Request,404,372
20/04/2026 21:58:32,197.184.18.59,South Africa,GET,/scheduledemo.php,Demo Request,200,2978
20/04/2026 22:44:25,34.201.25.46,USA,GET,/events.html,Promotional Event,500,11027
20/04/2026 22:44:57,196.21.19.182,South Africa,GET,/events.html,Promotional Event,404,774
21/04/2026 00:52:20,102.184.208.33,Nigeria,GET,/index.html,Homepage,200,3207
21/04/2026 09:05:27,102.104.96.245,Nigeria,GET,/index.html,Homepage,304,0
21/04/2026 10:30:20,52.14.138.32,USA,GET,/scheduledemo.php,Demo Request,304,0
21/04/2026 12:28:42,70.66.22.227,Canada,GET,/index.html,Homepage,200,11322
21/04/2026 12:45:31,52.14.252.179,USA,GET,/events.html,Promotional Event,200,3409
21/04/2026 13:05:38,41.76.211.38,Botswana,POST,/scheduledemo.php,Demo Submission,500,2644
21/04/2026 14:04:34,117.196.179.203,India,GET,/index.html,Homepage,200,3593
21/04/2026 14:05:18,172.17.98.1,Canada,GET,/events.html,Promotional Event,404,357
21/04/2026 14:45:50,41.78.198.159,Zimbabwe,GET,/jobs.html,Job Request,200,2404
21/04/2026 15:58:05,41.170.63.254,Botswana,GET,/index.html,Homepage,404,410
21/04/2026 16:16:08,155.18.3.118,UK,GET,/assistant.php,AI Assistant,500,2838
21/04/2026 17:30:37,196.69.62.65,South Africa,GET,/assistant.php,AI Assistant,404,586
21/04/2026 17:40:37,196.41.19.231,Botswana,GET,/index.html,Homepage,404,351
21/04/2026 18:31:39,102.73.215.159,Nigeria,GET,/scheduledemo.php,Demo Request,200,3164
21/04/2026 18:55:34,117.196.96.229,India,GET,/scheduledemo.php,Demo Request,404,584
21/04/2026 19:05:22,102.104.245.198,Nigeria,GET,/prototype.php,Prototype Request,304,0
21/04/2026 19:10:05,157.72.24.104,USA,GET,/scheduledemo.php,Demo Request,500,8998
21/04/2026 19:21:51,172.17.51.155,Canada,GET,/events.html,Promotional Event,500,1859
21/04/2026 19:26:10,102.73.178.18,Nigeria,GET,/scheduledemo.php,Demo Request,200,1220
21/04/2026 19:46:30,41.1.206.252,South Africa,GET,/events.html,Promotional Event,500,2612
21/04/2026 21:45:02,41.1.147.226,South Africa,GET,/jobs.html,Job Request,304,0
21/04/2026 21:54:04,196.50.126.48,Botswana,GET,/css/style.css,CSS Asset,304,11015
21/04/2026 22:54:07,99.235.57.46,Canada,GET,/prototype.php,Prototype Request,500,8811
21/04/2026 22:55:44,196.69.145.251,South Africa,GET,/images/logo.png,Image Asset,200,9153
22/04/2026 02:29:57,41.205.236.106,Zimbabwe,GET,/assistant.php,AI Assistant,404,422
22/04/2026 04:36:18,52.14.248.217,USA,GET,/prototype.php,Prototype Request,304,0
22/04/2026 05:08:07,86.1.11.56,UK,GET,/images/events.jpg,Image Asset,304,2930
22/04/2026 06:24:07,155.18.73.132,UK,GET,/assistant.php,AI Assistant,500,6691
22/04/2026 08:23:12,103.21.225.120,India,GET,/images/logo.png,Image Asset,304,5862
22/04/2026 08:36:07,102.73.159.65,Nigeria,GET,/assistant.php,AI Assistant,200,11493
22/04/2026 09:11:23,155.130.236.158,UK,GET,/assistant.php,AI Assistant,200,6331
22/04/2026 09:26:36,102.65.67.93,Zimbabwe,GET,/events.html,Promotional Event,404,677
22/04/2026 09:28:11,155.85.157.74,UK,GET,/prototype.php,Prototype Request,404,404
22/04/2026 09:52:41,102.104.56.114,Nigeria,POST,/scheduledemo.php,Demo Submission,200,7142
22/04/2026 10:03:42,70.66.74.225,Canada,GET,/images/events.jpg,Image Asset,200,9064
22/04/2026 10:36:37,196.21.202.180,South Africa,GET,/assistant.php,AI Assistant,500,8074
22/04/2026 11:12:07,102.29.12.230,Nigeria,GET,/index.html,Homepage,200,7904
22/04/2026 11:12:39,154.113.209.179,Nigeria,GET,/assistant.php,AI Assistant,200,2953
22/04/2026 11:17:34,52.14.136.92,USA,GET,/prototype.php,Prototype Request,200,3815
22/04/2026 11:26:31,103.21.195.169,India,GET,/scheduledemo.php,Demo Request,304,0
22/04/2026 11:39:02,196.21.122.115,South Africa,GET,/prototype.php,Prototype Request,500,10926
22/04/2026 13:08:10,157.240.246.19,USA,GET,/scheduledemo.php,Demo Request,404,800
22/04/2026 13:09:08,34.201.131.143,USA,GET,/events.html,Promotional Event,500,3734
22/04/2026 13:10:51,197.184.104.182,South Africa,GET,/assistant.php,AI Assistant,304,0
22/04/2026 14:40:50,117.196.175.118,India,GET,/css/style.css,CSS Asset,200,8396
22/04/2026 14:46:41,102.184.212.201,Nigeria,GET,/jobs.html,Job Request,304,0
22/04/2026 14:55:39,41.92.198.75,Botswana,GET,/jobs.html,Job Request,200,3508
22/04/2026 16:58:13,99.235.207.221,Canada,GET,/events.html,Promotional Event,200,5746
22/04/2026 17:28:17,52.14.49.219,USA,GET,/index.html,Homepage,200,5944
22/04/2026 17:30:55,41.1.154.249,South Africa,GET,/events.html,Promotional Event,200,5844
22/04/2026 17:31:21,197.184.19.75,South Africa,GET,/assistant.php,AI Assistant,304,0
22/04/2026 18:19:12,86.1.108.57,UK,GET,/prototype.php,Prototype Request,500,9734
22/04/2026 18:38:12,154.113.239.208,Nigeria,GET,/jobs.html,Job Request,200,7946
22/04/2026 18:40:38,172.196.16.102,Canada,GET,/jobs.html,Job Request,200,8650
22/04/2026 18:55:31,196.41.58.217,Botswana,GET,/index.html,Homepage,404,576
22/04/2026 19:14:31,197.184.77.239,South Africa,GET,/assistant.php,AI Assistant,200,5533
22/04/2026 20:09:45,155.18.24.98,UK,GET,/events.html,Promotional Event,304,0
22/04/2026 22:19:08,155.18.24.98,UK,GET,/jobs.html,Job Request,200,2878
22/04/2026 22:31:10,155.130.249.129,UK,GET,/images/events.jpg,Image Asset,404,13697
22/04/2026 22:34:08,41.78.36.12,Zimbabwe,POST,/jobs.html,Job Application,302,9271
23/04/2026 00:22:24,102.29.12.26,Nigeria,GET,/assistant.php,AI Assistant,404,216
23/04/2026 06:01:21,52.14.74.138,USA,GET,/index.html,Homepage,200,8260
23/04/2026 08:19:23,196.21.144.51,South Africa,GET,/images/events.jpg,Image Asset,404,9552
23/04/2026 08:54:10,102.184.205.108,Nigeria,GET,/assistant.php,AI Assistant,200,3052
23/04/2026 08:57:48,41.205.184.179,Zimbabwe,GET,/scheduledemo.php,Demo Request,404,449
23/04/2026 10:47:25,102.184.98.102,Nigeria,GET,/images/events.jpg,Image Asset,200,8265
23/04/2026 11:23:31,155.130.95.211,UK,POST,/scheduledemo.php,Demo Submission,500,11610
23/04/2026 11:24:36,196.50.240.150,Botswana,GET,/assistant.php,AI Assistant,404,502
23/04/2026 12:40:26,196.57.40.96,South Africa,GET,/images/events.jpg,Image Asset,304,8519
23/04/2026 14:05:08,102.29.150.123,Nigeria,GET,/index.html,Homepage,404,589
23/04/2026 14:54:50,52.14.126.19,USA,GET,/events.html,Promotional Event,200,3685
23/04/2026 15:29:20,102.29.242.52,Nigeria,GET,/index.html,Homepage,404,311
23/04/2026 15:36:03,178.62.24.231,UK,GET,/events.html,Promotional Event,200,8629
23/04/2026 15:58:13,86.1.250.52,UK,GET,/scheduledemo.php,Demo Request,404,502
23/04/2026 16:05:25,157.240.109.179,USA,GET,/prototype.php,Prototype Request,304,0
23/04/2026 16:20:42,197.184.236.121,South Africa,GET,/images/logo.png,Image Asset,200,12063
23/04/2026 16:21:52,41.92.188.169,Botswana,GET,/assistant.php,AI Assistant,500,6647
23/04/2026 16:28:07,196.50.232.130,Botswana,GET,/jobs.html,Job Request,500,3655
23/04/2026 17:47:53,197.184.229.132,South Africa,GET,/index.html,Homepage,404,526
23/04/2026 17:53:16,172.196.55.106,Canada,GET,/css/style.css,CSS Asset,304,2833
23/04/2026 18:56:51,197.184.123.16,South Africa,GET,/index.html,Homepage,304,0
23/04/2026 19:49:03,196.57.116.79,South Africa,POST,/scheduledemo.php,Demo Submission,200,2681
23/04/2026 20:41:23,41.76.37.218,Botswana,GET,/assistant.php,AI Assistant,404,235
23/04/2026 20:44:22,41.170.201.239,Botswana,GET,/scheduledemo.php,Demo Request,200,5571
23/04/2026 21:16:00,86.1.108.57,UK,GET,/scheduledemo.php,Demo Request,500,5529
23/04/2026 21:16:34,34.201.235.221,USA,GET,/events.html,Promotional Event,200,9902
23/04/2026 22:15:00,99.235.132.84,Canada,GET,/index.html,Homepage,200,4227
24/04/2026 02:00:11,196.69.66.196,South Africa,GET,/images/events.jpg,Image Asset,304,8050
24/04/2026 04:42:33,70.66.174.252,Canada,GET,/assistant.php,AI Assistant,200,8557
24/04/2026 05:14:34,103.240.115.46,India,GET,/contact.html,Contact Page,200,4263
24/04/2026 07:41:16,196.41.184.85,Botswana,GET,/index.html,Homepage,200,2089
24/04/2026 08:03:52,102.184.36.109,Nigeria,GET,/assistant.php,AI Assistant,200,3326
24/04/2026 08:36:41,41.78.28.197,Zimbabwe,GET,/jobs.html,Job Request,304,0
24/04/2026 11:49:08,41.78.57.102,Zimbabwe,GET,/contact.html,Contact Page,200,1325
24/04/2026 12:17:31,103.84.147.134,India,GET,/index.html,Homepage,304,0
24/04/2026 12:18:59,196.69.5.39,South Africa,GET,/index.html,Homepage,404,222
24/04/2026 15:40:47,197.184.240.70,South Africa,GET,/events.html,Promotional Event,200,10035
24/04/2026 17:32:33,52.14.113.3,USA,GET,/jobs.html,Job Request,500,5885
24/04/2026 17:57:58,41.1.136.77,South Africa,GET,/scheduledemo.php,Demo Request,200,3450
24/04/2026 19:57:38,41.78.129.165,Zimbabwe,GET,/index.html,Homepage,404,357
24/04/2026 20:15:57,102.65.67.168,Zimbabwe,GET,/prototype.php,Prototype Request,304,0
24/04/2026 20:22:39,157.240.109.179,USA,GET,/events.html,Promotional Event,500,8378
24/04/2026 21:51:32,41.170.19.132,Botswana,GET,/index.html,Homepage,304,0
24/04/2026 22:01:02,117.196.21.142,India,GET,/prototype.php,Prototype Request,200,8469
24/04/2026 22:28:39,86.1.108.57,UK,GET,/index.html,Homepage,200,11803
25/04/2026 03:23:13,41.1.54.223,South Africa,GET,/css/style.css,CSS Asset,304,751
25/04/2026 09:22:42,102.73.253.196,Nigeria,GET,/css/style.css,CSS Asset,304,7018
25/04/2026 09:38:02,172.68.9.208,Canada,GET,/assistant.php,AI Assistant,500,1456
25/04/2026 10:00:52,41.170.31.129,Botswana,GET,/assistant.php,AI Assistant,200,4138
25/04/2026 10:49:29,41.76.204.195,Botswana,GET,/jobs.html,Job Request,200,5703
25/04/2026 13:24:58,172.68.59.190,Canada,GET,/events.html,Promotional Event,200,1401
25/04/2026 14:27:11,102.104.8.163,Nigeria,GET,/jobs.html,Job Request,404,702
25/04/2026 15:03:56,102.73.142.41,Nigeria,GET,/scheduledemo.php,Demo Request,404,673
25/04/2026 16:50:41,99.235.207.221,Canada,GET,/prototype.php,Prototype Request,200,9192
25/04/2026 18:18:45,196.37.218.233,Zimbabwe,GET,/index.html,Homepage,200,6829
25/04/2026 19:10:06,178.62.189.36,UK,GET,/images/events.jpg,Image Asset,200,12752
25/04/2026 20:18:24,196.41.235.63,Botswana,GET,/prototype.php,Prototype Request,200,7698
25/04/2026 20:41:02,157.240.214.21,USA,POST,/scheduledemo.php,Demo Submission,200,6933
25/04/2026 20:55:49,41.78.63.190,Zimbabwe,GET,/index.html,Homepage,304,0
25/04/2026 20:56:21,196.41.153.138,Botswana,GET,/index.html,Homepage,404,788
25/04/2026 21:11:24,41.1.167.82,South Africa,GET,/index.html,Homepage,404,565
26/04/2026 03:45:43,196.21.100.224,South Africa,POST,/scheduledemo.php,Demo Submission,500,7316
26/04/2026 08:44:59,196.57.78.3,South Africa,GET,/index.html,Homepage,200,6834
26/04/2026 09:21:10,196.37.228.241,Zimbabwe,GET,/index.html,Homepage,404,679
26/04/2026 09:31:12,178.62.213.231,UK,GET,/index.html,Homepage,404,320
26/04/2026 10:17:28,102.65.142.240,Zimbabwe,GET,/index.html,Homepage,404,327
26/04/2026 11:35:41,102.29.169.111,Nigeria,GET,/jobs.html,Job Request,304,0
26/04/2026 12:01:58,41.78.175.227,Zimbabwe,GET,/jobs.html,Job Request,200,7522
26/04/2026 12:15:06,196.50.225.184,Botswana,GET,/scheduledemo.php,Demo Request,500,10049
26/04/2026 13:06:36,196.37.91.224,Zimbabwe,GET,/assistant.php,AI Assistant,404,252
26/04/2026 16:17:08,41.92.89.243,Botswana,POST,/jobs.html,Job Application,302,2492
26/04/2026 16:26:16,41.1.35.66,South Africa,GET,/events.html,Promotional Event,200,2573
26/04/2026 16:44:41,41.78.93.62,Zimbabwe,GET,/assistant.php,AI Assistant,200,2622
26/04/2026 17:03:25,34.201.137.185,USA,GET,/jobs.html,Job Request,404,507
26/04/2026 17:31:27,196.57.85.199,South Africa,GET,/index.html,Homepage,404,202
26/04/2026 17:56:47,102.73.253.170,Nigeria,GET,/events.html,Promotional Event,404,507
26/04/2026 18:17:52,157.117.58.7,USA,GET,/assistant.php,AI Assistant,404,536
26/04/2026 18:34:24,178.62.82.123,UK,GET,/scheduledemo.php,Demo Request,304,0
26/04/2026 19:15:03,102.104.245.85,Nigeria,GET,/jobs.html,Job Request,500,1387
26/04/2026 19:33:35,102.104.248.204,Nigeria,GET,/scheduledemo.php,Demo Request,200,2815
26/04/2026 22:14:33,41.1.168.97,South Africa,GET,/scheduledemo.php,Demo Request,200,9665
27/04/2026 01:59:32,196.37.52.25,Zimbabwe,GET,/index.html,Homepage,200,11656
27/04/2026 07:02:33,102.184.220.179,Nigeria,GET,/assistant.php,AI Assistant,200,3401
27/04/2026 07:11:29,196.41.48.194,Botswana,GET,/events.html,Promotional Event,200,4892
27/04/2026 08:05:03,196.57.215.253,South Africa,GET,/prototype.php,Prototype Request,404,755
27/04/2026 08:59:19,155.85.156.156,UK,POST,/jobs.html,Job Application,200,3883
27/04/2026 09:20:42,196.41.21.111,Botswana,GET,/assistant.php,AI Assistant,200,10137
27/04/2026 11:36:53,102.73.151.37,Nigeria,GET,/prototype.php,Prototype Request,404,278
27/04/2026 12:03:08,172.196.62.15,Canada,GET,/prototype.php,Prototype Request,200,10847
27/04/2026 12:43:23,172.17.86.21,Canada,GET,/assistant.php,AI Assistant,200,6931
27/04/2026 12:45:18,41.78.190.71,Zimbabwe,GET,/scheduledemo.php,Demo Request,500,8899
27/04/2026 13:14:32,196.69.211.15,South Africa,GET,/events.html,Promotional Event,200,2275
27/04/2026 14:11:12,102.184.9.149,Nigeria,GET,/scheduledemo.php,Demo Request,200,2676
27/04/2026 14:21:53,99.235.153.158,Canada,GET,/jobs.html,Job Request,200,3419
27/04/2026 15:04:21,41.170.144.166,Botswana,GET,/assistant.php,AI Assistant,304,0
27/04/2026 15:44:19,157.72.16.43,USA,GET,/prototype.php,Prototype Request,500,10525
27/04/2026 16:38:33,196.50.151.79,Botswana,GET,/index.html,Homepage,200,6085
27/04/2026 16:48:44,102.184.70.79,Nigeria,GET,/jobs.html,Job Request,200,4355
27/04/2026 18:47:11,154.113.142.59,Nigeria,GET,/index.html,Homepage,404,256
27/04/2026 19:12:30,157.240.113.86,USA,GET,/scheduledemo.php,Demo Request,500,3430
27/04/2026 19:45:21,99.235.120.112,Canada,GET,/images/events.jpg,Image Asset,404,4897
27/04/2026 20:43:52,155.18.16.104,UK,GET,/contact.html,Contact Page,200,10638
27/04/2026 21:00:19,102.184.174.192,Nigeria,GET,/css/style.css,CSS Asset,304,9824
27/04/2026 21:34:30,41.92.12.203,Botswana,GET,/jobs.html,Job Request,200,6370
27/04/2026 21:39:25,41.1.219.90,South Africa,POST,/scheduledemo.php,Demo Submission,200,8846
27/04/2026 22:24:17,157.117.13.67,USA,GET,/scheduledemo.php,Demo Request,200,8649
27/04/2026 22:46:20,196.21.144.51,South Africa,GET,/events.html,Promotional Event,404,429
28/04/2026 00:24:35,154.113.58.164,Nigeria,GET,/jobs.html,Job Request,200,7971
28/04/2026 09:24:32,155.130.12.103,UK,GET,/index.html,Homepage,404,399
28/04/2026 10:36:54,103.21.175.185,India,GET,/jobs.html,Job Request,304,0
28/04/2026 10:41:02,154.113.98.21,Nigeria,GET,/prototype.php,Prototype Request,304,0
28/04/2026 11:38:53,196.41.24.243,Botswana,GET,/css/style.css,CSS Asset,304,14993
28/04/2026 14:01:57,157.72.231.92,USA,GET,/jobs.html,Job Request,200,2884
28/04/2026 14:13:26,157.117.141.68,USA,GET,/jobs.html,Job Request,404,551
28/04/2026 14:52:31,196.50.110.170,Botswana,GET,/scheduledemo.php,Demo Request,500,11809
28/04/2026 15:07:16,102.73.56.246,Nigeria,GET,/assistant.php,AI Assistant,500,4263
28/04/2026 15:16:19,155.85.106.142,UK,GET,/prototype.php,Prototype Request,404,383
28/04/2026 15:39:11,196.69.153.100,South Africa,GET,/assistant.php,AI Assistant,500,3071
28/04/2026 16:05:08,102.184.20.183,Nigeria,GET,/jobs.html,Job Request,304,0
28/04/2026 16:34:32,41.170.62.147,Botswana,GET,/scheduledemo.php,Demo Request,200,9776
28/04/2026 16:38:51,52.14.188.50,USA,GET,/index.html,Homepage,304,0
28/04/2026 17:40:01,155.130.93.28,UK,GET,/index.html,Homepage,200,8486
28/04/2026 18:24:09,86.1.25.111,UK,GET,/assistant.php,AI Assistant,200,9095
28/04/2026 18:51:18,155.130.184.116,UK,GET,/index.html,Homepage,200,1235
28/04/2026 18:58:21,102.29.182.112,Nigeria,GET,/index.html,Homepage,404,401
28/04/2026 19:58:48,196.21.179.136,South Africa,GET,/scheduledemo.php,Demo Request,404,590
28/04/2026 20:25:46,99.235.57.70,Canada,POST,/scheduledemo.php,Demo Submission,200,7571
28/04/2026 20:52:46,102.184.163.214,Nigeria,GET,/prototype.php,Prototype Request,200,9333
28/04/2026 21:07:42,154.113.165.72,Nigeria,GET,/jobs.html,Job Request,200,3778
28/04/2026 21:09:36,102.73.70.180,Nigeria,GET,/prototype.php,Prototype Request,304,0
29/04/2026 00:21:19,102.29.149.201,Nigeria,GET,/prototype.php,Prototype Request,500,3739
29/04/2026 01:24:13,197.184.175.157,South Africa,GET,/index.html,Homepage,200,7653
29/04/2026 08:06:00,102.184.177.65,Nigeria,POST,/scheduledemo.php,Demo Submission,200,4463
29/04/2026 09:36:08,172.68.155.40,Canada,GET,/assistant.php,AI Assistant,304,0
29/04/2026 10:53:44,172.68.154.83,Canada,GET,/images/logo.png,Image Asset,200,10285
29/04/2026 11:32:35,102.29.2.128,Nigeria,GET,/prototype.php,Prototype Request,200,3316
29/04/2026 11:35:39,102.184.163.214,Nigeria,GET,/events.html,Promotional Event,200,9193
29/04/2026 11:46:04,172.17.60.66,Canada,GET,/prototype.php,Prototype Request,200,10546
29/04/2026 12:59:20,196.41.189.198,Botswana,GET,/index.html,Homepage,200,8946
29/04/2026 13:43:38,197.184.41.94,South Africa,GET,/scheduledemo.php,Demo Request,304,0
29/04/2026 15:15:57,172.17.107.226,Canada,GET,/images/events.jpg,Image Asset,200,14200
29/04/2026 15:46:33,197.184.235.178,South Africa,GET,/prototype.php,Prototype Request,304,0
29/04/2026 16:20:54,102.65.82.234,Zimbabwe,GET,/prototype.php,Prototype Request,200,2625
29/04/2026 16:46:17,196.37.169.125,Zimbabwe,GET,/index.html,Homepage,404,764
29/04/2026 17:09:45,155.130.209.88,UK,GET,/index.html,Homepage,304,0
29/04/2026 18:19:29,172.17.172.184,Canada,GET,/jobs.html,Job Request,304,0
29/04/2026 19:34:31,102.29.174.77,Nigeria,GET,/jobs.html,Job Request,200,1709
29/04/2026 20:00:28,155.18.218.130,UK,GET,/assistant.php,AI Assistant,500,10684
29/04/2026 22:56:30,102.184.163.214,Nigeria,GET,/index.html,Homepage,404,361
30/04/2026 00:37:22,103.84.183.72,India,GET,/index.html,Homepage,200,9715
30/04/2026 04:56:34,172.68.57.91,Canada,GET,/jobs.html,Job Request,304,0
30/04/2026 06:45:01,99.235.130.74,Canada,GET,/assistant.php,AI Assistant,500,8006
30/04/2026 07:52:26,154.113.95.122,Nigeria,GET,/events.html,Promotional Event,304,0
30/04/2026 08:16:55,155.18.224.4,UK,GET,/events.html,Promotional Event,404,690
30/04/2026 08:35:40,34.201.253.144,USA,GET,/assistant.php,AI Assistant,404,716
30/04/2026 09:46:57,196.50.201.84,Botswana,GET,/images/logo.png,Image Asset,200,5281
30/04/2026 10:15:17,41.92.198.75,Botswana,GET,/assistant.php,AI Assistant,404,559
30/04/2026 10:24:15,102.184.55.139,Nigeria,GET,/css/style.css,CSS Asset,304,7261
30/04/2026 11:41:09,196.57.237.68,South Africa,GET,/prototype.php,Prototype Request,500,4441
30/04/2026 12:31:35,196.69.35.174,South Africa,GET,/prototype.php,Prototype Request,404,673
30/04/2026 13:04:58,157.117.175.194,USA,GET,/assistant.php,AI Assistant,200,9809
30/04/2026 13:06:33,196.21.141.103,South Africa,GET,/jobs.html,Job Request,404,713
30/04/2026 14:09:08,102.184.193.153,Nigeria,GET,/events.html,Promotional Event,200,4838
30/04/2026 14:43:07,196.57.234.67,South Africa,GET,/scheduledemo.php,Demo Request,404,614
30/04/2026 15:13:21,52.14.77.117,USA,GET,/index.html,Homepage,200,3789
30/04/2026 16:07:24,102.29.153.112,Nigeria,GET,/scheduledemo.php,Demo Request,304,0
30/04/2026 16:22:08,86.1.19.33,UK,GET,/contact.html,Contact Page,404,275
30/04/2026 16:29:26,197.184.43.68,South Africa,GET,/prototype.php,Prototype Request,200,2252
30/04/2026 16:41:17,154.113.243.21,Nigeria,GET,/assistant.php,AI Assistant,404,356
30/04/2026 17:19:34,196.37.231.74,Zimbabwe,GET,/assistant.php,AI Assistant,200,2410
30/04/2026 18:27:12,196.50.138.68,Botswana,GET,/prototype.php,Prototype Request,200,1899
30/04/2026 18:33:17,196.57.53.178,South Africa,GET,/assistant.php,AI Assistant,200,6133
30/04/2026 18:43:37,196.37.70.56,Zimbabwe,GET,/prototype.php,Prototype Request,200,6855
30/04/2026 20:47:50,157.117.185.113,USA,GET,/index.html,Homepage,200,5091
30/04/2026 21:26:47,157.240.187.107,USA,GET,/assistant.php,AI Assistant,200,4279
01/05/2026 00:50:56,102.73.133.233,Nigeria,GET,/prototype.php,Prototype Request,404,680
01/05/2026 00:52:45,41.76.104.132,Botswana,GET,/prototype.php,Prototype Request,304,0
01/05/2026 02:04:36,117.196.21.142,India,GET,/css/style.css,CSS Asset,304,4287
01/05/2026 03:49:34,157.72.102.221,USA,GET,/prototype.php,Prototype Request,404,219
01/05/2026 09:28:46,41.92.90.80,Botswana,GET,/scheduledemo.php,Demo Request,200,9737
01/05/2026 10:23:25,196.21.144.51,South Africa,GET,/events.html,Promotional Event,500,10042
01/05/2026 10:41:53,86.1.245.200,UK,GET,/prototype.php,Prototype Request,404,690
01/05/2026 12:10:53,41.205.69.167,Zimbabwe,GET,/scheduledemo.php,Demo Request,200,1345
01/05/2026 12:38:41,154.113.137.126,Nigeria,GET,/prototype.php,Prototype Request,304,0
01/05/2026 13:19:46,41.76.24.192,Botswana,GET,/events.html,Promotional Event,404,629
01/05/2026 13:20:42,196.69.47.150,South Africa,POST,/scheduledemo.php,Demo Submission,500,2694
01/05/2026 14:19:50,196.41.187.3,Botswana,GET,/jobs.html,Job Request,200,1441
01/05/2026 15:01:37,70.66.78.118,Canada,GET,/assistant.php,AI Assistant,200,2196
01/05/2026 15:22:58,41.78.254.98,Zimbabwe,GET,/prototype.php,Prototype Request,304,0
01/05/2026 16:08:31,157.240.109.179,USA,GET,/index.html,Homepage,304,0
01/05/2026 16:48:34,34.201.169.126,USA,GET,/images/logo.png,Image Asset,304,9324
01/05/2026 17:13:29,172.17.215.6,Canada,GET,/assistant.php,AI Assistant,200,3268
01/05/2026 17:19:41,196.69.208.223,South Africa,GET,/events.html,Promotional Event,404,799
01/05/2026 17:42:19,41.205.26.73,Zimbabwe,GET,/assistant.php,AI Assistant,200,6406
01/05/2026 17:44:05,70.66.65.178,Canada,POST,/scheduledemo.php,Demo Submission,500,10426
01/05/2026 18:05:06,154.113.57.176,Nigeria,POST,/scheduledemo.php,Demo Submission,500,6111
01/05/2026 18:50:49,196.37.150.79,Zimbabwe,GET,/prototype.php,Prototype Request,200,10979
01/05/2026 19:14:19,157.240.204.102,USA,GET,/index.html,Homepage,304,0
01/05/2026 19:58:41,41.1.153.36,South Africa,GET,/events.html,Promotional Event,404,390
01/05/2026 20:04:29,41.205.207.51,Zimbabwe,GET,/index.html,Homepage,200,5211
01/05/2026 20:05:28,197.184.164.164,South Africa,GET,/events.html,Promotional Event,304,0
02/05/2026 04:18:59,157.72.13.167,USA,GET,/images/logo.png,Image Asset,304,9197
02/05/2026 04:20:28,157.240.125.203,USA,GET,/events.html,Promotional Event,500,1308
02/05/2026 08:04:18,103.84.117.142,India,GET,/index.html,Homepage,200,11020
02/05/2026 09:53:19,196.69.204.182,South Africa,GET,/index.html,Homepage,404,472
02/05/2026 10:03:43,102.29.82.139,Nigeria,GET,/events.html,Promotional Event,304,0
02/05/2026 10:33:04,34.201.92.19,USA,GET,/prototype.php,Prototype Request,304,0
02/05/2026 11:31:40,197.184.109.247,South Africa,GET,/jobs.html,Job Request,200,5121
02/05/2026 11:53:00,196.21.238.93,South Africa,GET,/index.html,Homepage,404,602
02/05/2026 16:07:16,102.104.64.246,Nigeria,GET,/index.html,Homepage,200,9376
02/05/2026 19:53:16,41.205.205.81,Zimbabwe,GET,/scheduledemo.php,Demo Request,304,0
02/05/2026 20:22:22,102.104.200.44,Nigeria,GET,/index.html,Homepage,200,9893
02/05/2026 20:43:19,41.78.194.191,Zimbabwe,GET,/assistant.php,AI Assistant,200,7060
03/05/2026 09:01:05,52.14.138.32,USA,GET,/jobs.html,Job Request,404,770
03/05/2026 09:19:13,86.1.108.57,UK,GET,/index.html,Homepage,404,603
03/05/2026 10:10:11,41.170.96.111,Botswana,GET,/index.html,Homepage,404,621
03/05/2026 10:26:32,102.104.58.156,Nigeria,POST,/jobs.html,Job Application,500,7818
03/05/2026 10:27:04,157.240.246.163,USA,GET,/index.html,Homepage,200,1382
03/05/2026 11:05:15,41.1.136.65,South Africa,GET,/scheduledemo.php,Demo Request,500,5726
03/05/2026 11:11:39,41.205.4.189,Zimbabwe,GET,/scheduledemo.php,Demo Request,304,0
03/05/2026 12:49:18,102.65.157.124,Zimbabwe,GET,/jobs.html,Job Request,200,5771
03/05/2026 13:20:46,196.41.144.76,Botswana,GET,/events.html,Promotional Event,404,394
03/05/2026 14:52:33,196.21.238.93,South Africa,GET,/prototype.php,Prototype Request,404,432
03/05/2026 15:41:39,155.130.235.53,UK,GET,/scheduledemo.php,Demo Request,404,246
03/05/2026 15:44:42,102.73.143.192,Nigeria,GET,/events.html,Promotional Event,200,11663
03/05/2026 19:46:54,102.104.83.74,Nigeria,GET,/assistant.php,AI Assistant,200,11887
03/05/2026 20:11:30,172.17.98.1,Canada,GET,/assistant.php,AI Assistant,200,5615
03/05/2026 20:44:42,102.29.68.113,Nigeria,POST,/scheduledemo.php,Demo Submission,200,5600
03/05/2026 21:32:57,196.57.83.251,South Africa,GET,/prototype.php,Prototype Request,304,0
03/05/2026 21:35:58,154.113.52.133,Nigeria,GET,/index.html,Homepage,200,2677
03/05/2026 22:21:18,41.1.1.245,South Africa,GET,/images/logo.png,Image Asset,200,5388
04/05/2026 05:38:26,196.41.209.18,Botswana,GET,/prototype.php,Prototype Request,500,2182
04/05/2026 08:05:41,102.184.55.139,Nigeria,POST,/jobs.html,Job Application,200,7655
04/05/2026 08:18:31,196.21.242.101,South Africa,GET,/events.html,Promotional Event,200,4724
04/05/2026 08:35:23,155.130.3.197,UK,GET,/scheduledemo.php,Demo Request,304,0
04/05/2026 08:45:13,102.184.102.8,Nigeria,GET,/prototype.php,Prototype Request,200,8565
04/05/2026 09:25:55,196.69.23.112,South Africa,GET,/images/events.jpg,Image Asset,200,7638
04/05/2026 09:49:18,172.68.66.56,Canada,GET,/images/events.jpg,Image Asset,404,12415
04/05/2026 10:03:28,155.18.116.233,UK,GET,/prototype.php,Prototype Request,200,6467
04/05/2026 12:13:02,196.57.196.121,South Africa,POST,/jobs.html,Job Application,200,1473
04/05/2026 13:57:20,41.92.141.103,Botswana,GET,/events.html,Promotional Event,200,9947
04/05/2026 14:02:25,196.37.10.45,Zimbabwe,GET,/jobs.html,Job Request,200,11329
04/05/2026 14:22:44,102.65.186.6,Zimbabwe,GET,/scheduledemo.php,Demo Request,200,4770
04/05/2026 14:25:27,41.92.126.202,Botswana,GET,/prototype.php,Prototype Request,200,3320
04/05/2026 14:41:20,196.37.49.135,Zimbabwe,GET,/assistant.php,AI Assistant,500,3725
04/05/2026 14:42:08,103.21.149.25,India,GET,/events.html,Promotional Event,404,276
04/05/2026 15:37:35,41.170.213.74,Botswana,GET,/index.html,Homepage,200,11276
04/05/2026 15:40:16,103.84.33.169,India,GET,/assistant.php,AI Assistant,200,9353
04/05/2026 16:04:19,102.184.18.121,Nigeria,POST,/scheduledemo.php,Demo Submission,200,5700
04/05/2026 16:13:24,103.240.106.196,India,GET,/assistant.php,AI Assistant,304,0
04/05/2026 16:32:10,154.113.142.59,Nigeria,GET,/jobs.html,Job Request,200,6780
04/05/2026 17:04:30,102.104.119.218,Nigeria,GET,/index.html,Homepage,200,11593
04/05/2026 18:23:06,99.235.207.221,Canada,GET,/index.html,Homepage,200,5495
04/05/2026 18:45:26,103.240.182.30,India,GET,/prototype.php,Prototype Request,500,9070
04/05/2026 19:08:08,197.184.254.110,South Africa,GET,/jobs.html,Job Request,500,2186
04/05/2026 19:22:36,196.21.221.29,South Africa,GET,/assistant.php,AI Assistant,304,0
04/05/2026 20:19:41,172.17.95.73,Canada,GET,/index.html,Homepage,404,509
04/05/2026 20:41:04,157.117.61.27,USA,GET,/index.html,Homepage,200,4042
04/05/2026 21:04:01,154.113.194.187,Nigeria,GET,/scheduledemo.php,Demo Request,200,10740
04/05/2026 21:15:25,155.18.64.50,UK,GET,/index.html,Homepage,200,2322
04/05/2026 22:37:04,155.85.11.40,UK,POST,/jobs.html,Job Application,200,11446
05/05/2026 01:30:12,157.240.248.142,USA,GET,/index.html,Homepage,200,4527
05/05/2026 09:00:13,196.41.161.79,Botswana,GET,/prototype.php,Prototype Request,200,8232
05/05/2026 09:15:57,172.68.223.198,Canada,GET,/jobs.html,Job Request,500,1387
05/05/2026 09:23:42,172.196.41.224,Canada,POST,/jobs.html,Job Application,302,2729
05/05/2026 09:51:23,155.85.74.92,UK,GET,/images/logo.png,Image Asset,200,14685
05/05/2026 10:23:56,196.41.121.126,Botswana,GET,/css/style.css,CSS Asset,304,1993
05/05/2026 10:27:46,102.29.239.105,Nigeria,GET,/index.html,Homepage,404,554
05/05/2026 11:08:43,196.41.213.71,Botswana,GET,/index.html,Homepage,200,3343
05/05/2026 11:45:28,172.68.154.83,Canada,GET,/contact.html,Contact Page,200,9466
05/05/2026 12:12:58,41.92.198.75,Botswana,GET,/index.html,Homepage,304,0
05/05/2026 12:14:47,99.235.224.139,Canada,GET,/index.html,Homepage,200,5046
05/05/2026 13:00:31,41.92.126.74,Botswana,GET,/index.html,Homepage,200,8589
05/05/2026 13:50:50,102.29.169.111,Nigeria,GET,/jobs.html,Job Request,200,10555
05/05/2026 13:56:17,41.78.128.228,Zimbabwe,GET,/assistant.php,AI Assistant,304,0
05/05/2026 14:51:43,154.113.182.241,Nigeria,GET,/index.html,Homepage,404,585
05/05/2026 15:17:13,41.92.200.21,Botswana,GET,/events.html,Promotional Event,200,6334
05/05/2026 15:39:26,154.113.108.151,Nigeria,GET,/prototype.php,Prototype Request,200,7997
05/05/2026 17:20:55,102.184.120.222,Nigeria,POST,/scheduledemo.php,Demo Submission,500,10448
05/05/2026 17:59:42,34.201.250.197,USA,GET,/images/events.jpg,Image Asset,404,11558
05/05/2026 18:37:36,196.57.222.103,South Africa,GET,/jobs.html,Job Request,500,1851
05/05/2026 19:13:02,41.1.90.140,South Africa,GET,/scheduledemo.php,Demo Request,404,791
05/05/2026 19:38:03,197.184.43.68,South Africa,POST,/jobs.html,Job Application,500,11259
05/05/2026 20:10:59,102.104.12.208,Nigeria,GET,/prototype.php,Prototype Request,200,6820
05/05/2026 21:29:58,197.184.227.242,South Africa,GET,/events.html,Promotional Event,500,4826
05/05/2026 22:20:32,70.66.45.188,Canada,GET,/images/events.jpg,Image Asset,200,6847
05/05/2026 22:31:09,196.50.82.236,Botswana,GET,/prototype.php,Prototype Request,500,4819
05/05/2026 22:56:57,157.72.13.167,USA,POST,/jobs.html,Job Application,500,7281
06/05/2026 01:05:38,103.84.222.26,India,GET,/events.html,Promotional Event,200,3001
06/05/2026 01:58:58,41.92.42.119,Botswana,GET,/jobs.html,Job Request,404,495
06/05/2026 02:37:36,196.50.148.122,Botswana,GET,/prototype.php,Prototype Request,404,595
06/05/2026 06:12:45,196.50.197.191,Botswana,GET,/events.html,Promotional Event,500,4869
06/05/2026 08:10:24,154.113.194.187,Nigeria,GET,/prototype.php,Prototype Request,500,11260
06/05/2026 08:41:31,117.196.40.49,India,GET,/scheduledemo.php,Demo Request,304,0
06/05/2026 09:39:47,196.37.55.52,Zimbabwe,GET,/images/events.jpg,Image Asset,304,9708
06/05/2026 09:43:19,102.73.118.234,Nigeria,GET,/events.html,Promotional Event,500,7004
06/05/2026 09:46:17,102.184.72.116,Nigeria,GET,/index.html,Homepage,200,10635
06/05/2026 09:49:32,196.57.1.4,South Africa,GET,/assistant.php,AI Assistant,200,10606
06/05/2026 10:46:43,102.184.154.37,Nigeria,GET,/prototype.php,Prototype Request,200,11410
06/05/2026 11:08:32,196.69.248.208,South Africa,GET,/prototype.php,Prototype Request,200,7226
06/05/2026 11:11:35,99.235.37.68,Canada,GET,/assistant.php,AI Assistant,304,0
06/05/2026 11:57:41,196.37.144.211,Zimbabwe,GET,/prototype.php,Prototype Request,200,3079
06/05/2026 12:46:54,86.1.245.200,UK,GET,/index.html,Homepage,200,10341
06/05/2026 13:18:13,196.50.138.104,Botswana,GET,/index.html,Homepage,200,4695
06/05/2026 13:32:51,103.240.164.251,India,GET,/prototype.php,Prototype Request,200,2429
06/05/2026 14:44:18,41.78.185.231,Zimbabwe,GET,/jobs.html,Job Request,304,0
06/05/2026 14:53:19,196.57.19.69,South Africa,GET,/prototype.php,Prototype Request,304,0
06/05/2026 15:24:07,41.78.170.28,Zimbabwe,GET,/assistant.php,AI Assistant,200,1990
06/05/2026 15:50:57,197.184.156.168,South Africa,GET,/jobs.html,Job Request,404,652
06/05/2026 16:20:44,196.37.143.127,Zimbabwe,GET,/index.html,Homepage,200,11740
06/05/2026 17:06:20,196.21.179.133,South Africa,POST,/scheduledemo.php,Demo Submission,200,1393
06/05/2026 18:08:45,86.1.162.56,UK,GET,/jobs.html,Job Request,500,5960
06/05/2026 18:18:43,99.235.102.242,Canada,GET,/prototype.php,Prototype Request,200,10900
06/05/2026 19:53:28,197.184.43.68,South Africa,POST,/jobs.html,Job Application,500,7903
06/05/2026 20:00:26,41.78.190.71,Zimbabwe,GET,/assistant.php,AI Assistant,200,4907
06/05/2026 20:47:28,41.205.251.200,Zimbabwe,GET,/jobs.html,Job Request,304,0
06/05/2026 21:03:44,103.21.175.185,India,GET,/prototype.php,Prototype Request,200,5895
06/05/2026 21:15:03,41.170.101.151,Botswana,GET,/assistant.php,AI Assistant,200,6281
06/05/2026 21:42:25,103.84.33.169,India,GET,/events.html,Promotional Event,500,6047
06/05/2026 22:16:30,86.1.108.57,UK,GET,/contact.html,Contact Page,404,499
06/05/2026 22:18:23,196.57.104.176,South Africa,GET,/events.html,Promotional Event,304,0
06/05/2026 22:24:24,196.57.131.201,South Africa,GET,/prototype.php,Prototype Request,304,0
06/05/2026 22:51:33,41.1.230.245,South Africa,GET,/scheduledemo.php,Demo Request,200,9329
07/05/2026 00:36:38,196.41.236.16,Botswana,GET,/contact.html,Contact Page,404,329
07/05/2026 00:43:53,41.1.140.10,South Africa,GET,/prototype.php,Prototype Request,304,0
07/05/2026 07:12:05,41.78.58.65,Zimbabwe,GET,/assistant.php,AI Assistant,304,0
07/05/2026 08:28:53,172.17.43.105,Canada,POST,/scheduledemo.php,Demo Submission,200,3875
07/05/2026 11:32:29,41.78.106.36,Zimbabwe,GET,/images/events.jpg,Image Asset,200,1613
07/05/2026 12:01:05,70.66.139.127,Canada,POST,/scheduledemo.php,Demo Submission,200,8278
07/05/2026 12:38:01,172.196.93.247,Canada,POST,/scheduledemo.php,Demo Submission,500,1203
07/05/2026 14:06:04,102.29.237.116,Nigeria,GET,/images/events.jpg,Image Asset,200,9275
07/05/2026 14:12:12,196.50.138.68,Botswana,POST,/jobs.html,Job Application,200,2858
07/05/2026 15:24:00,41.1.43.177,South Africa,POST,/scheduledemo.php,Demo Submission,500,1893
07/05/2026 15:48:34,102.73.123.40,Nigeria,POST,/scheduledemo.php,Demo Submission,200,8013
07/05/2026 16:00:35,41.1.32.8,South Africa,GET,/contact.html,Contact Page,404,445
07/05/2026 16:18:57,196.21.208.175,South Africa,POST,/jobs.html,Job Application,302,6892
07/05/2026 16:50:23,41.170.252.82,Botswana,GET,/index.html,Homepage,200,11671
07/05/2026 18:41:26,34.201.63.119,USA,GET,/scheduledemo.php,Demo Request,404,400
07/05/2026 19:15:55,172.196.47.243,Canada,GET,/prototype.php,Prototype Request,200,9375
07/05/2026 19:17:26,102.29.119.243,Nigeria,GET,/index.html,Homepage,200,9365
07/05/2026 20:28:15,102.104.210.98,Nigeria,GET,/images/events.jpg,Image Asset,200,13085
07/05/2026 20:33:38,196.50.138.68,Botswana,GET,/prototype.php,Prototype Request,304,0
08/05/2026 01:20:19,41.78.152.109,Zimbabwe,GET,/index.html,Homepage,200,5322
08/05/2026 02:15:35,102.65.99.194,Zimbabwe,GET,/prototype.php,Prototype Request,200,9404
08/05/2026 03:27:33,196.69.77.193,South Africa,GET,/scheduledemo.php,Demo Request,404,751
08/05/2026 04:18:05,196.41.151.142,Botswana,GET,/scheduledemo.php,Demo Request,200,5437
08/05/2026 08:22:41,102.184.120.222,Nigeria,GET,/index.html,Homepage,404,546
08/05/2026 08:53:44,102.29.137.52,Nigeria,GET,/prototype.php,Prototype Request,200,6479
08/05/2026 12:25:55,117.196.21.142,India,POST,/scheduledemo.php,Demo Submission,200,10359
08/05/2026 12:35:08,196.57.133.93,South Africa,GET,/assistant.php,AI Assistant,404,652
08/05/2026 13:34:52,178.62.141.131,UK,GET,/index.html,Homepage,200,5589
08/05/2026 14:07:07,99.235.116.67,Canada,GET,/prototype.php,Prototype Request,304,0
08/05/2026 14:17:52,103.240.75.189,India,GET,/prototype.php,Prototype Request,404,789
08/05/2026 15:10:11,41.92.218.247,Botswana,GET,/prototype.php,Prototype Request,500,3917
08/05/2026 15:26:10,102.65.228.114,Zimbabwe,GET,/prototype.php,Prototype Request,304,0
08/05/2026 16:06:20,102.104.188.253,Nigeria,GET,/images/logo.png,Image Asset,304,2642
08/05/2026 16:29:31,103.84.209.84,India,POST,/jobs.html,Job Application,302,4310
08/05/2026 18:13:49,172.68.212.222,Canada,GET,/index.html,Homepage,200,11709
08/05/2026 18:27:53,196.50.137.2,Botswana,GET,/assistant.php,AI Assistant,200,11513
08/05/2026 19:38:12,196.57.234.163,South Africa,GET,/prototype.php,Prototype Request,304,0
08/05/2026 19:54:06,196.21.234.156,South Africa,GET,/prototype.php,Prototype Request,304,0
08/05/2026 19:56:33,196.57.36.40,South Africa,GET,/index.html,Homepage,200,9517
08/05/2026 21:02:28,178.62.140.56,UK,GET,/contact.html,Contact Page,200,11909
08/05/2026 22:17:02,41.76.56.60,Botswana,GET,/scheduledemo.php,Demo Request,200,10575
09/05/2026 06:00:43,154.113.136.76,Nigeria,POST,/scheduledemo.php,Demo Submission,500,2824
09/05/2026 08:36:22,34.201.162.110,USA,GET,/index.html,Homepage,200,4585
09/05/2026 09:09:48,102.184.248.207,Nigeria,GET,/jobs.html,Job Request,304,0
09/05/2026 09:58:04,197.184.192.40,South Africa,POST,/jobs.html,Job Application,200,3862
09/05/2026 11:14:46,172.17.88.231,Canada,GET,/events.html,Promotional Event,200,3901
09/05/2026 11:27:52,41.76.188.249,Botswana,POST,/scheduledemo.php,Demo Submission,200,2237
09/05/2026 12:14:25,196.57.177.122,South Africa,GET,/assistant.php,AI Assistant,404,658
09/05/2026 12:18:41,102.104.21.109,Nigeria,GET,/assistant.php,AI Assistant,500,11246
09/05/2026 13:35:47,102.29.169.111,Nigeria,POST,/jobs.html,Job Application,200,8868
09/05/2026 14:31:08,41.1.51.38,South Africa,GET,/prototype.php,Prototype Request,200,8949
09/05/2026 14:31:45,102.104.119.162,Nigeria,POST,/jobs.html,Job Application,200,11695
09/05/2026 14:47:07,196.21.209.45,South Africa,GET,/images/logo.png,Image Asset,304,6401
09/05/2026 15:22:09,117.196.173.185,India,GET,/events.html,Promotional Event,500,7414
09/05/2026 16:04:16,102.104.188.227,Nigeria,GET,/index.html,Homepage,200,6688
09/05/2026 16:16:06,157.72.113.222,USA,GET,/contact.html,Contact Page,200,4638
09/05/2026 17:08:55,196.69.200.98,South Africa,GET,/events.html,Promotional Event,404,365
09/05/2026 17:40:19,196.41.106.10,Botswana,GET,/events.html,Promotional Event,200,2689
09/05/2026 19:41:46,196.21.144.51,South Africa,GET,/images/logo.png,Image Asset,200,3769
09/05/2026 19:45:14,102.184.104.100,Nigeria,GET,/prototype.php,Prototype Request,500,10572
09/05/2026 19:47:38,99.235.207.221,Canada,GET,/images/events.jpg,Image Asset,304,11093
09/05/2026 20:31:01,41.92.204.93,Botswana,GET,/events.html,Promotional Event,200,4492
09/05/2026 20:33:24,41.92.31.143,Botswana,GET,/prototype.php,Prototype Request,500,10966
09/05/2026 21:00:18,102.73.56.246,Nigeria,GET,/jobs.html,Job Request,404,548
09/05/2026 21:24:08,157.117.125.212,USA,GET,/css/style.css,CSS Asset,304,9940
09/05/2026 21:27:44,41.92.133.175,Botswana,POST,/scheduledemo.php,Demo Submission,200,6829
09/05/2026 22:40:16,102.29.151.130,Nigeria,GET,/index.html,Homepage,200,11858
10/05/2026 04:37:00,41.1.136.65,South Africa,GET,/images/events.jpg,Image Asset,304,11980
10/05/2026 06:20:54,196.57.40.96,South Africa,GET,/index.html,Homepage,404,480
10/05/2026 08:29:03,34.201.226.146,USA,GET,/index.html,Homepage,200,4488
10/05/2026 08:42:55,41.1.23.81,South Africa,GET,/jobs.html,Job Request,200,7822
10/05/2026 08:52:56,172.68.196.243,Canada,GET,/jobs.html,Job Request,404,563
10/05/2026 11:07:35,196.57.36.106,South Africa,GET,/assistant.php,AI Assistant,500,6097
10/05/2026 13:07:31,157.72.118.114,USA,GET,/prototype.php,Prototype Request,404,290
10/05/2026 13:10:16,196.21.128.117,South Africa,GET,/events.html,Promotional Event,200,9385
10/05/2026 13:52:20,178.62.205.75,UK,GET,/images/events.jpg,Image Asset,200,13917
10/05/2026 14:46:06,41.205.111.116,Zimbabwe,GET,/css/style.css,CSS Asset,304,6053
10/05/2026 15:16:57,41.170.155.54,Botswana,GET,/prototype.php,Prototype Request,200,11591
10/05/2026 15:36:06,155.85.46.187,UK,GET,/index.html,Homepage,404,600
10/05/2026 15:47:21,41.92.42.119,Botswana,GET,/index.html,Homepage,200,9007
10/05/2026 15:55:10,197.184.14.3,South Africa,GET,/assistant.php,AI Assistant,200,9483
10/05/2026 15:58:09,41.170.103.69,Botswana,GET,/assistant.php,AI Assistant,500,2091
10/05/2026 16:24:20,154.113.178.102,Nigeria,GET,/assistant.php,AI Assistant,304,0
10/05/2026 16:49:39,41.1.244.88,South Africa,GET,/scheduledemo.php,Demo Request,200,4852
10/05/2026 17:15:20,196.50.98.188,Botswana,GET,/index.html,Homepage,200,11353
10/05/2026 17:23:39,102.73.110.167,Nigeria,GET,/assistant.php,AI Assistant,304,0
10/05/2026 18:39:49,172.17.252.179,Canada,GET,/jobs.html,Job Request,404,439
10/05/2026 18:56:35,196.37.233.241,Zimbabwe,GET,/assistant.php,AI Assistant,500,6118
10/05/2026 19:04:57,196.37.231.133,Zimbabwe,GET,/scheduledemo.php,Demo Request,500,1520
10/05/2026 19:30:28,157.117.10.74,USA,GET,/css/style.css,CSS Asset,304,11904
10/05/2026 20:43:41,155.18.124.169,UK,GET,/index.html,Homepage,404,752
10/05/2026 21:12:04,41.205.135.215,Zimbabwe,GET,/index.html,Homepage,200,7046
10/05/2026 21:27:37,196.21.253.93,South Africa,POST,/jobs.html,Job Application,200,7537
11/05/2026 05:15:10,41.76.33.129,Botswana,POST,/jobs.html,Job Application,302,2844
11/05/2026 08:01:49,154.113.57.176,Nigeria,GET,/scheduledemo.php,Demo Request,200,2245
11/05/2026 08:04:16,103.84.222.26,India,GET,/events.html,Promotional Event,404,315
11/05/2026 08:06:21,117.196.181.8,India,GET,/scheduledemo.php,Demo Request,200,11150
11/05/2026 08:10:16,102.73.147.152,Nigeria,GET,/index.html,Homepage,404,240
11/05/2026 09:33:09,34.201.47.197,USA,POST,/jobs.html,Job Application,500,9438
11/05/2026 10:04:30,41.170.19.132,Botswana,GET,/index.html,Homepage,200,7917
11/05/2026 11:15:47,155.18.27.68,UK,GET,/assistant.php,AI Assistant,200,11928
11/05/2026 12:46:56,102.29.149.189,Nigeria,GET,/index.html,Homepage,200,3493
11/05/2026 13:32:05,86.1.206.131,UK,POST,/scheduledemo.php,Demo Submission,200,6056
11/05/2026 13:52:50,102.73.13.191,Nigeria,GET,/events.html,Promotional Event,304,0
11/05/2026 13:56:26,103.21.237.28,India,GET,/events.html,Promotional Event,200,5887
11/05/2026 16:38:32,154.113.154.185,Nigeria,GET,/assistant.php,AI Assistant,200,11987
11/05/2026 16:55:14,154.113.9.92,Nigeria,GET,/prototype.php,Prototype Request,200,11294
11/05/2026 17:49:14,102.104.47.7,Nigeria,GET,/jobs.html,Job Request,200,1680
11/05/2026 18:02:11,196.21.237.20,South Africa,GET,/assistant.php,AI Assistant,304,0
11/05/2026 19:11:42,103.84.33.169,India,GET,/index.html,Homepage,200,10162
11/05/2026 20:48:37,103.84.33.169,India,GET,/assistant.php,AI Assistant,500,1847
